onset	duration	trial_type	nback-nontarget	response_time
27.5	0.812262	nback-nontarget	-0.28571399999999997	0.0
32.5	0.812262	nback-nontarget	-0.28571399999999997	0.0
40.0	0.812262	nback-nontarget	0.714286	0.0
42.5	0.812262	nback-nontarget	0.714286	0.0
45.0	0.812262	nback-nontarget	-0.28571399999999997	0.0
52.5	0.812262	nback-nontarget	-0.28571399999999997	0.0
57.5	0.812262	nback-nontarget	-0.28571399999999997	0.0
65.0	0.812262	nback-nontarget	-0.28571399999999997	0.0
67.5	0.812262	nback-nontarget	0.714286	0.0
72.5	0.812262	nback-nontarget	-0.28571399999999997	0.0
75.0	0.812262	nback-nontarget	-0.28571399999999997	0.0
82.5	0.812262	nback-nontarget	-0.28571399999999997	0.0
87.5	0.812262	nback-nontarget	-0.28571399999999997	0.0
95.0	0.812262	nback-nontarget	0.714286	0.0
100.0	0.812262	nback-nontarget	-0.28571399999999997	0.0
102.5	0.812262	nback-nontarget	0.714286	0.0
105.0	0.812262	nback-nontarget	-0.28571399999999997	0.0
112.5	0.812262	nback-nontarget	-0.28571399999999997	0.0
117.5	0.812262	nback-nontarget	0.714286	0.0
122.5	0.812262	nback-nontarget	-0.28571399999999997	0.0
130.0	0.812262	nback-nontarget	-0.28571399999999997	0.0
180.0	0.812262	nback-nontarget	-0.28571399999999997	0.0
187.5	0.812262	nback-nontarget	0.714286	0.0
192.5	0.812262	nback-nontarget	-0.28571399999999997	0.0
195.0	0.812262	nback-nontarget	-0.28571399999999997	0.0
200.0	0.812262	nback-nontarget	0.714286	0.0
202.5	0.812262	nback-nontarget	-0.28571399999999997	0.0
210.0	0.812262	nback-nontarget	-0.28571399999999997	0.0
217.5	0.812262	nback-nontarget	0.714286	0.0
220.0	0.812262	nback-nontarget	-0.28571399999999997	0.0
225.0	0.812262	nback-nontarget	0.714286	0.0
232.5	0.812262	nback-nontarget	-0.28571399999999997	0.0
235.0	0.812262	nback-nontarget	-0.28571399999999997	0.0
240.0	0.812262	nback-nontarget	-0.28571399999999997	0.0
242.5	0.812262	nback-nontarget	-0.28571399999999997	0.0
250.0	0.812262	nback-nontarget	-0.28571399999999997	0.0
255.0	0.812262	nback-nontarget	-0.28571399999999997	0.0
257.5	0.812262	nback-nontarget	-0.28571399999999997	0.0
262.5	0.812262	nback-nontarget	0.714286	0.0
270.0	0.812262	nback-nontarget	-0.28571399999999997	0.0
272.5	0.812262	nback-nontarget	0.714286	0.0
277.5	0.812262	nback-nontarget	-0.28571399999999997	0.0
